"id","attend","byear","byearc","age2000","age2000c","time","timec","timec2","timec3"
1,1,1981,"1",19.75,3.75,"2000",0,0,0
1,6,1981,"1",19.75,3.75,"2001",1,1,1
1,2,1981,"1",19.75,3.75,"2002",2,4,8
1,1,1981,"1",19.75,3.75,"2003",3,9,27
1,1,1981,"1",19.75,3.75,"2004",4,16,64
1,1,1981,"1",19.75,3.75,"2005",5,25,125
1,1,1981,"1",19.75,3.75,"2006",6,36,216
1,1,1981,"1",19.75,3.75,"2007",7,49,343
1,1,1981,"1",19.75,3.75,"2008",8,64,512
1,1,1981,"1",19.75,3.75,"2009",9,81,729
1,1,1981,"1",19.75,3.75,"2010",10,100,1000
4,2,1981,"1",19.1666666666667,3.1666666666667,"2000",0,0,0
4,1,1981,"1",19.1666666666667,3.1666666666667,"2001",1,1,1
4,3,1981,"1",19.1666666666667,3.1666666666667,"2002",2,4,8
4,1,1981,"1",19.1666666666667,3.1666666666667,"2003",3,9,27
4,2,1981,"1",19.1666666666667,3.1666666666667,"2004",4,16,64
4,2,1981,"1",19.1666666666667,3.1666666666667,"2005",5,25,125
4,2,1981,"1",19.1666666666667,3.1666666666667,"2006",6,36,216
4,2,1981,"1",19.1666666666667,3.1666666666667,"2007",7,49,343
4,2,1981,"1",19.1666666666667,3.1666666666667,"2008",8,64,512
4,1,1981,"1",19.1666666666667,3.1666666666667,"2009",9,81,729
4,2,1981,"1",19.1666666666667,3.1666666666667,"2010",10,100,1000
5,3,1982,"2",18.8333333333333,2.8333333333333,"2000",0,0,0
5,3,1982,"2",18.8333333333333,2.8333333333333,"2001",1,1,1
5,3,1982,"2",18.8333333333333,2.8333333333333,"2002",2,4,8
5,2,1982,"2",18.8333333333333,2.8333333333333,"2003",3,9,27
5,1,1982,"2",18.8333333333333,2.8333333333333,"2004",4,16,64
5,2,1982,"2",18.8333333333333,2.8333333333333,"2005",5,25,125
5,1,1982,"2",18.8333333333333,2.8333333333333,"2006",6,36,216
5,1,1982,"2",18.8333333333333,2.8333333333333,"2007",7,49,343
5,4,1982,"2",18.8333333333333,2.8333333333333,"2008",8,64,512
5,3,1982,"2",18.8333333333333,2.8333333333333,"2009",9,81,729
5,2,1982,"2",18.8333333333333,2.8333333333333,"2010",10,100,1000
6,2,1982,"2",18.0833333333333,2.0833333333333,"2000",0,0,0
6,3,1982,"2",18.0833333333333,2.0833333333333,"2001",1,1,1
6,2,1982,"2",18.0833333333333,2.0833333333333,"2002",2,4,8
6,7,1982,"2",18.0833333333333,2.0833333333333,"2003",3,9,27
6,7,1982,"2",18.0833333333333,2.0833333333333,"2004",4,16,64
6,2,1982,"2",18.0833333333333,2.0833333333333,"2005",5,25,125
6,7,1982,"2",18.0833333333333,2.0833333333333,"2006",6,36,216
6,7,1982,"2",18.0833333333333,2.0833333333333,"2007",7,49,343
6,7,1982,"2",18.0833333333333,2.0833333333333,"2008",8,64,512
6,7,1982,"2",18.0833333333333,2.0833333333333,"2009",9,81,729
6,7,1982,"2",18.0833333333333,2.0833333333333,"2010",10,100,1000
11,3,1982,"2",18.5,2.5,"2000",0,0,0
11,1,1982,"2",18.5,2.5,"2001",1,1,1
11,2,1982,"2",18.5,2.5,"2002",2,4,8
11,2,1982,"2",18.5,2.5,"2003",3,9,27
11,1,1982,"2",18.5,2.5,"2004",4,16,64
11,1,1982,"2",18.5,2.5,"2005",5,25,125
11,1,1982,"2",18.5,2.5,"2006",6,36,216
11,1,1982,"2",18.5,2.5,"2007",7,49,343
11,1,1982,"2",18.5,2.5,"2008",8,64,512
11,1,1982,"2",18.5,2.5,"2009",9,81,729
11,1,1982,"2",18.5,2.5,"2010",10,100,1000
13,2,1984,"4",16.9166666666667,0.9166666666667,"2000",0,0,0
13,1,1984,"4",16.9166666666667,0.9166666666667,"2001",1,1,1
13,1,1984,"4",16.9166666666667,0.9166666666667,"2002",2,4,8
13,1,1984,"4",16.9166666666667,0.9166666666667,"2003",3,9,27
13,1,1984,"4",16.9166666666667,0.9166666666667,"2004",4,16,64
13,1,1984,"4",16.9166666666667,0.9166666666667,"2005",5,25,125
13,1,1984,"4",16.9166666666667,0.9166666666667,"2006",6,36,216
13,2,1984,"4",16.9166666666667,0.9166666666667,"2007",7,49,343
13,1,1984,"4",16.9166666666667,0.9166666666667,"2008",8,64,512
13,1,1984,"4",16.9166666666667,0.9166666666667,"2009",9,81,729
13,1,1984,"4",16.9166666666667,0.9166666666667,"2010",10,100,1000
16,1,1982,"2",18.1666666666667,2.1666666666667,"2000",0,0,0
16,3,1982,"2",18.1666666666667,2.1666666666667,"2001",1,1,1
16,5,1982,"2",18.1666666666667,2.1666666666667,"2002",2,4,8
16,1,1982,"2",18.1666666666667,2.1666666666667,"2003",3,9,27
16,1,1982,"2",18.1666666666667,2.1666666666667,"2004",4,16,64
16,1,1982,"2",18.1666666666667,2.1666666666667,"2005",5,25,125
16,3,1982,"2",18.1666666666667,2.1666666666667,"2006",6,36,216
16,1,1982,"2",18.1666666666667,2.1666666666667,"2007",7,49,343
16,2,1982,"2",18.1666666666667,2.1666666666667,"2008",8,64,512
16,1,1982,"2",18.1666666666667,2.1666666666667,"2009",9,81,729
16,2,1982,"2",18.1666666666667,2.1666666666667,"2010",10,100,1000
21,1,1982,"2",18.6666666666667,2.6666666666667,"2000",0,0,0
21,2,1982,"2",18.6666666666667,2.6666666666667,"2001",1,1,1
21,2,1982,"2",18.6666666666667,2.6666666666667,"2002",2,4,8
21,1,1982,"2",18.6666666666667,2.6666666666667,"2003",3,9,27
21,1,1982,"2",18.6666666666667,2.6666666666667,"2004",4,16,64
21,1,1982,"2",18.6666666666667,2.6666666666667,"2005",5,25,125
21,1,1982,"2",18.6666666666667,2.6666666666667,"2006",6,36,216
21,2,1982,"2",18.6666666666667,2.6666666666667,"2007",7,49,343
21,2,1982,"2",18.6666666666667,2.6666666666667,"2008",8,64,512
21,1,1982,"2",18.6666666666667,2.6666666666667,"2009",9,81,729
21,2,1982,"2",18.6666666666667,2.6666666666667,"2010",10,100,1000
23,1,1983,"3",17.0833333333333,1.0833333333333,"2000",0,0,0
23,5,1983,"3",17.0833333333333,1.0833333333333,"2001",1,1,1
23,3,1983,"3",17.0833333333333,1.0833333333333,"2002",2,4,8
23,5,1983,"3",17.0833333333333,1.0833333333333,"2003",3,9,27
23,2,1983,"3",17.0833333333333,1.0833333333333,"2004",4,16,64
23,2,1983,"3",17.0833333333333,1.0833333333333,"2005",5,25,125
23,4,1983,"3",17.0833333333333,1.0833333333333,"2006",6,36,216
23,2,1983,"3",17.0833333333333,1.0833333333333,"2007",7,49,343
23,4,1983,"3",17.0833333333333,1.0833333333333,"2008",8,64,512
23,1,1983,"3",17.0833333333333,1.0833333333333,"2009",9,81,729
23,6,1983,"3",17.0833333333333,1.0833333333333,"2010",10,100,1000
24,1,1984,"4",16.5,0.5,"2000",0,0,0
24,1,1984,"4",16.5,0.5,"2001",1,1,1
24,1,1984,"4",16.5,0.5,"2002",2,4,8
24,1,1984,"4",16.5,0.5,"2003",3,9,27
24,2,1984,"4",16.5,0.5,"2004",4,16,64
24,1,1984,"4",16.5,0.5,"2005",5,25,125
24,1,1984,"4",16.5,0.5,"2006",6,36,216
24,1,1984,"4",16.5,0.5,"2007",7,49,343
24,1,1984,"4",16.5,0.5,"2008",8,64,512
24,1,1984,"4",16.5,0.5,"2009",9,81,729
24,1,1984,"4",16.5,0.5,"2010",10,100,1000
25,5,1983,"3",17.25,1.25,"2000",0,0,0
25,7,1983,"3",17.25,1.25,"2001",1,1,1
25,7,1983,"3",17.25,1.25,"2002",2,4,8
25,2,1983,"3",17.25,1.25,"2003",3,9,27
25,7,1983,"3",17.25,1.25,"2004",4,16,64
25,5,1983,"3",17.25,1.25,"2005",5,25,125
25,7,1983,"3",17.25,1.25,"2006",6,36,216
25,5,1983,"3",17.25,1.25,"2007",7,49,343
25,7,1983,"3",17.25,1.25,"2008",8,64,512
25,7,1983,"3",17.25,1.25,"2009",9,81,729
25,7,1983,"3",17.25,1.25,"2010",10,100,1000
27,2,1981,"1",19.4166666666667,3.4166666666667,"2000",0,0,0
27,2,1981,"1",19.4166666666667,3.4166666666667,"2001",1,1,1
27,2,1981,"1",19.4166666666667,3.4166666666667,"2002",2,4,8
27,4,1981,"1",19.4166666666667,3.4166666666667,"2003",3,9,27
27,2,1981,"1",19.4166666666667,3.4166666666667,"2004",4,16,64
27,1,1981,"1",19.4166666666667,3.4166666666667,"2005",5,25,125
27,1,1981,"1",19.4166666666667,3.4166666666667,"2006",6,36,216
27,1,1981,"1",19.4166666666667,3.4166666666667,"2007",7,49,343
27,1,1981,"1",19.4166666666667,3.4166666666667,"2008",8,64,512
27,1,1981,"1",19.4166666666667,3.4166666666667,"2009",9,81,729
27,1,1981,"1",19.4166666666667,3.4166666666667,"2010",10,100,1000
28,6,1983,"3",17.9166666666667,1.9166666666667,"2000",0,0,0
28,6,1983,"3",17.9166666666667,1.9166666666667,"2001",1,1,1
28,6,1983,"3",17.9166666666667,1.9166666666667,"2002",2,4,8
28,6,1983,"3",17.9166666666667,1.9166666666667,"2003",3,9,27
28,6,1983,"3",17.9166666666667,1.9166666666667,"2004",4,16,64
28,6,1983,"3",17.9166666666667,1.9166666666667,"2005",5,25,125
28,6,1983,"3",17.9166666666667,1.9166666666667,"2006",6,36,216
28,6,1983,"3",17.9166666666667,1.9166666666667,"2007",7,49,343
28,5,1983,"3",17.9166666666667,1.9166666666667,"2008",8,64,512
28,2,1983,"3",17.9166666666667,1.9166666666667,"2009",9,81,729
28,4,1983,"3",17.9166666666667,1.9166666666667,"2010",10,100,1000
33,2,1980,"0",21,5,"2000",0,0,0
33,3,1980,"0",21,5,"2001",1,1,1
33,2,1980,"0",21,5,"2002",2,4,8
33,2,1980,"0",21,5,"2003",3,9,27
33,2,1980,"0",21,5,"2004",4,16,64
33,3,1980,"0",21,5,"2005",5,25,125
33,2,1980,"0",21,5,"2006",6,36,216
33,3,1980,"0",21,5,"2007",7,49,343
33,2,1980,"0",21,5,"2008",8,64,512
33,2,1980,"0",21,5,"2009",9,81,729
33,2,1980,"0",21,5,"2010",10,100,1000
34,3,1984,"4",17,1,"2000",0,0,0
34,2,1984,"4",17,1,"2001",1,1,1
34,2,1984,"4",17,1,"2002",2,4,8
34,2,1984,"4",17,1,"2003",3,9,27
34,2,1984,"4",17,1,"2004",4,16,64
34,2,1984,"4",17,1,"2005",5,25,125
34,1,1984,"4",17,1,"2006",6,36,216
34,1,1984,"4",17,1,"2007",7,49,343
34,1,1984,"4",17,1,"2008",8,64,512
34,1,1984,"4",17,1,"2009",9,81,729
34,1,1984,"4",17,1,"2010",10,100,1000
35,1,1983,"3",17.0833333333333,1.0833333333333,"2000",0,0,0
35,1,1983,"3",17.0833333333333,1.0833333333333,"2001",1,1,1
35,1,1983,"3",17.0833333333333,1.0833333333333,"2002",2,4,8
35,1,1983,"3",17.0833333333333,1.0833333333333,"2003",3,9,27
35,1,1983,"3",17.0833333333333,1.0833333333333,"2004",4,16,64
35,1,1983,"3",17.0833333333333,1.0833333333333,"2005",5,25,125
35,1,1983,"3",17.0833333333333,1.0833333333333,"2006",6,36,216
35,1,1983,"3",17.0833333333333,1.0833333333333,"2007",7,49,343
35,1,1983,"3",17.0833333333333,1.0833333333333,"2008",8,64,512
35,1,1983,"3",17.0833333333333,1.0833333333333,"2009",9,81,729
35,1,1983,"3",17.0833333333333,1.0833333333333,"2010",10,100,1000
37,1,1980,"0",20.9166666666667,4.9166666666667,"2000",0,0,0
37,1,1980,"0",20.9166666666667,4.9166666666667,"2001",1,1,1
37,2,1980,"0",20.9166666666667,4.9166666666667,"2002",2,4,8
37,1,1980,"0",20.9166666666667,4.9166666666667,"2003",3,9,27
37,1,1980,"0",20.9166666666667,4.9166666666667,"2004",4,16,64
37,2,1980,"0",20.9166666666667,4.9166666666667,"2005",5,25,125
37,1,1980,"0",20.9166666666667,4.9166666666667,"2006",6,36,216
37,2,1980,"0",20.9166666666667,4.9166666666667,"2007",7,49,343
37,1,1980,"0",20.9166666666667,4.9166666666667,"2008",8,64,512
37,1,1980,"0",20.9166666666667,4.9166666666667,"2009",9,81,729
37,1,1980,"0",20.9166666666667,4.9166666666667,"2010",10,100,1000
38,1,1981,"1",19.75,3.75,"2000",0,0,0
38,1,1981,"1",19.75,3.75,"2001",1,1,1
38,3,1981,"1",19.75,3.75,"2002",2,4,8
38,1,1981,"1",19.75,3.75,"2003",3,9,27
38,1,1981,"1",19.75,3.75,"2004",4,16,64
38,1,1981,"1",19.75,3.75,"2005",5,25,125
38,1,1981,"1",19.75,3.75,"2006",6,36,216
38,1,1981,"1",19.75,3.75,"2007",7,49,343
38,1,1981,"1",19.75,3.75,"2008",8,64,512
38,1,1981,"1",19.75,3.75,"2009",9,81,729
38,1,1981,"1",19.75,3.75,"2010",10,100,1000
41,2,1983,"3",17.0833333333333,1.0833333333333,"2000",0,0,0
41,2,1983,"3",17.0833333333333,1.0833333333333,"2001",1,1,1
41,1,1983,"3",17.0833333333333,1.0833333333333,"2002",2,4,8
41,1,1983,"3",17.0833333333333,1.0833333333333,"2003",3,9,27
41,1,1983,"3",17.0833333333333,1.0833333333333,"2004",4,16,64
41,1,1983,"3",17.0833333333333,1.0833333333333,"2005",5,25,125
41,1,1983,"3",17.0833333333333,1.0833333333333,"2006",6,36,216
41,1,1983,"3",17.0833333333333,1.0833333333333,"2007",7,49,343
41,1,1983,"3",17.0833333333333,1.0833333333333,"2008",8,64,512
41,2,1983,"3",17.0833333333333,1.0833333333333,"2009",9,81,729
41,1,1983,"3",17.0833333333333,1.0833333333333,"2010",10,100,1000
42,1,1983,"3",17.6666666666667,1.6666666666667,"2000",0,0,0
42,2,1983,"3",17.6666666666667,1.6666666666667,"2001",1,1,1
42,1,1983,"3",17.6666666666667,1.6666666666667,"2002",2,4,8
42,1,1983,"3",17.6666666666667,1.6666666666667,"2003",3,9,27
42,1,1983,"3",17.6666666666667,1.6666666666667,"2004",4,16,64
42,1,1983,"3",17.6666666666667,1.6666666666667,"2005",5,25,125
42,1,1983,"3",17.6666666666667,1.6666666666667,"2006",6,36,216
42,1,1983,"3",17.6666666666667,1.6666666666667,"2007",7,49,343
42,1,1983,"3",17.6666666666667,1.6666666666667,"2008",8,64,512
42,1,1983,"3",17.6666666666667,1.6666666666667,"2009",9,81,729
42,1,1983,"3",17.6666666666667,1.6666666666667,"2010",10,100,1000
44,7,1981,"1",20,4,"2000",0,0,0
44,7,1981,"1",20,4,"2001",1,1,1
44,7,1981,"1",20,4,"2002",2,4,8
44,7,1981,"1",20,4,"2003",3,9,27
44,7,1981,"1",20,4,"2004",4,16,64
44,6,1981,"1",20,4,"2005",5,25,125
44,7,1981,"1",20,4,"2006",6,36,216
44,7,1981,"1",20,4,"2007",7,49,343
44,7,1981,"1",20,4,"2008",8,64,512
44,7,1981,"1",20,4,"2009",9,81,729
44,2,1981,"1",20,4,"2010",10,100,1000
45,3,1984,"4",16.1666666666667,0.1666666666667,"2000",0,0,0
45,1,1984,"4",16.1666666666667,0.1666666666667,"2001",1,1,1
45,1,1984,"4",16.1666666666667,0.1666666666667,"2002",2,4,8
45,1,1984,"4",16.1666666666667,0.1666666666667,"2003",3,9,27
45,5,1984,"4",16.1666666666667,0.1666666666667,"2004",4,16,64
45,1,1984,"4",16.1666666666667,0.1666666666667,"2005",5,25,125
45,1,1984,"4",16.1666666666667,0.1666666666667,"2006",6,36,216
45,2,1984,"4",16.1666666666667,0.1666666666667,"2007",7,49,343
45,1,1984,"4",16.1666666666667,0.1666666666667,"2008",8,64,512
45,2,1984,"4",16.1666666666667,0.1666666666667,"2009",9,81,729
45,1,1984,"4",16.1666666666667,0.1666666666667,"2010",10,100,1000
47,5,1982,"2",18.75,2.75,"2000",0,0,0
47,2,1982,"2",18.75,2.75,"2001",1,1,1
47,4,1982,"2",18.75,2.75,"2002",2,4,8
47,2,1982,"2",18.75,2.75,"2003",3,9,27
47,3,1982,"2",18.75,2.75,"2004",4,16,64
47,2,1982,"2",18.75,2.75,"2005",5,25,125
47,2,1982,"2",18.75,2.75,"2006",6,36,216
47,3,1982,"2",18.75,2.75,"2007",7,49,343
47,2,1982,"2",18.75,2.75,"2008",8,64,512
47,1,1982,"2",18.75,2.75,"2009",9,81,729
47,1,1982,"2",18.75,2.75,"2010",10,100,1000
48,3,1983,"3",17.5833333333333,1.5833333333333,"2000",0,0,0
48,3,1983,"3",17.5833333333333,1.5833333333333,"2001",1,1,1
48,3,1983,"3",17.5833333333333,1.5833333333333,"2002",2,4,8
48,1,1983,"3",17.5833333333333,1.5833333333333,"2003",3,9,27
48,2,1983,"3",17.5833333333333,1.5833333333333,"2004",4,16,64
48,5,1983,"3",17.5833333333333,1.5833333333333,"2005",5,25,125
48,3,1983,"3",17.5833333333333,1.5833333333333,"2006",6,36,216
48,4,1983,"3",17.5833333333333,1.5833333333333,"2007",7,49,343
48,3,1983,"3",17.5833333333333,1.5833333333333,"2008",8,64,512
48,2,1983,"3",17.5833333333333,1.5833333333333,"2009",9,81,729
48,2,1983,"3",17.5833333333333,1.5833333333333,"2010",10,100,1000
49,2,1982,"2",19,3,"2000",0,0,0
49,1,1982,"2",19,3,"2001",1,1,1
49,1,1982,"2",19,3,"2002",2,4,8
49,1,1982,"2",19,3,"2003",3,9,27
49,2,1982,"2",19,3,"2004",4,16,64
49,1,1982,"2",19,3,"2005",5,25,125
49,1,1982,"2",19,3,"2006",6,36,216
49,2,1982,"2",19,3,"2007",7,49,343
49,2,1982,"2",19,3,"2008",8,64,512
49,2,1982,"2",19,3,"2009",9,81,729
49,2,1982,"2",19,3,"2010",10,100,1000
52,1,1983,"3",18,2,"2000",0,0,0
52,2,1983,"3",18,2,"2001",1,1,1
52,3,1983,"3",18,2,"2002",2,4,8
52,2,1983,"3",18,2,"2003",3,9,27
52,2,1983,"3",18,2,"2004",4,16,64
52,4,1983,"3",18,2,"2005",5,25,125
52,3,1983,"3",18,2,"2006",6,36,216
52,2,1983,"3",18,2,"2007",7,49,343
52,2,1983,"3",18,2,"2008",8,64,512
52,3,1983,"3",18,2,"2009",9,81,729
52,1,1983,"3",18,2,"2010",10,100,1000
53,2,1984,"4",16.3333333333333,0.3333333333333,"2000",0,0,0
53,3,1984,"4",16.3333333333333,0.3333333333333,"2001",1,1,1
53,2,1984,"4",16.3333333333333,0.3333333333333,"2002",2,4,8
53,2,1984,"4",16.3333333333333,0.3333333333333,"2003",3,9,27
53,1,1984,"4",16.3333333333333,0.3333333333333,"2004",4,16,64
53,2,1984,"4",16.3333333333333,0.3333333333333,"2005",5,25,125
53,1,1984,"4",16.3333333333333,0.3333333333333,"2006",6,36,216
53,2,1984,"4",16.3333333333333,0.3333333333333,"2007",7,49,343
53,1,1984,"4",16.3333333333333,0.3333333333333,"2008",8,64,512
53,1,1984,"4",16.3333333333333,0.3333333333333,"2009",9,81,729
53,1,1984,"4",16.3333333333333,0.3333333333333,"2010",10,100,1000
54,1,1984,"4",17,1,"2000",0,0,0
54,1,1984,"4",17,1,"2001",1,1,1
54,2,1984,"4",17,1,"2002",2,4,8
54,2,1984,"4",17,1,"2003",3,9,27
54,3,1984,"4",17,1,"2004",4,16,64
54,1,1984,"4",17,1,"2005",5,25,125
54,2,1984,"4",17,1,"2006",6,36,216
54,5,1984,"4",17,1,"2007",7,49,343
54,2,1984,"4",17,1,"2008",8,64,512
54,3,1984,"4",17,1,"2009",9,81,729
54,2,1984,"4",17,1,"2010",10,100,1000
55,1,1981,"1",19.1666666666667,3.1666666666667,"2000",0,0,0
55,2,1981,"1",19.1666666666667,3.1666666666667,"2001",1,1,1
55,2,1981,"1",19.1666666666667,3.1666666666667,"2002",2,4,8
55,2,1981,"1",19.1666666666667,3.1666666666667,"2003",3,9,27
55,4,1981,"1",19.1666666666667,3.1666666666667,"2004",4,16,64
55,1,1981,"1",19.1666666666667,3.1666666666667,"2005",5,25,125
55,1,1981,"1",19.1666666666667,3.1666666666667,"2006",6,36,216
55,6,1981,"1",19.1666666666667,3.1666666666667,"2007",7,49,343
55,3,1981,"1",19.1666666666667,3.1666666666667,"2008",8,64,512
55,3,1981,"1",19.1666666666667,3.1666666666667,"2009",9,81,729
55,2,1981,"1",19.1666666666667,3.1666666666667,"2010",10,100,1000
56,5,1982,"2",18.1666666666667,2.1666666666667,"2000",0,0,0
56,3,1982,"2",18.1666666666667,2.1666666666667,"2001",1,1,1
56,3,1982,"2",18.1666666666667,2.1666666666667,"2002",2,4,8
56,2,1982,"2",18.1666666666667,2.1666666666667,"2003",3,9,27
56,3,1982,"2",18.1666666666667,2.1666666666667,"2004",4,16,64
56,3,1982,"2",18.1666666666667,2.1666666666667,"2005",5,25,125
56,3,1982,"2",18.1666666666667,2.1666666666667,"2006",6,36,216
56,2,1982,"2",18.1666666666667,2.1666666666667,"2007",7,49,343
56,3,1982,"2",18.1666666666667,2.1666666666667,"2008",8,64,512
56,2,1982,"2",18.1666666666667,2.1666666666667,"2009",9,81,729
56,2,1982,"2",18.1666666666667,2.1666666666667,"2010",10,100,1000
57,7,1982,"2",19,3,"2000",0,0,0
57,7,1982,"2",19,3,"2001",1,1,1
57,3,1982,"2",19,3,"2002",2,4,8
57,5,1982,"2",19,3,"2003",3,9,27
57,6,1982,"2",19,3,"2004",4,16,64
57,5,1982,"2",19,3,"2005",5,25,125
57,2,1982,"2",19,3,"2006",6,36,216
57,8,1982,"2",19,3,"2007",7,49,343
57,3,1982,"2",19,3,"2008",8,64,512
57,6,1982,"2",19,3,"2009",9,81,729
57,2,1982,"2",19,3,"2010",10,100,1000
59,6,1981,"1",19.3333333333333,3.3333333333333,"2000",0,0,0
59,6,1981,"1",19.3333333333333,3.3333333333333,"2001",1,1,1
59,6,1981,"1",19.3333333333333,3.3333333333333,"2002",2,4,8
59,6,1981,"1",19.3333333333333,3.3333333333333,"2003",3,9,27
59,2,1981,"1",19.3333333333333,3.3333333333333,"2004",4,16,64
59,4,1981,"1",19.3333333333333,3.3333333333333,"2005",5,25,125
59,4,1981,"1",19.3333333333333,3.3333333333333,"2006",6,36,216
59,2,1981,"1",19.3333333333333,3.3333333333333,"2007",7,49,343
59,3,1981,"1",19.3333333333333,3.3333333333333,"2008",8,64,512
59,1,1981,"1",19.3333333333333,3.3333333333333,"2009",9,81,729
59,3,1981,"1",19.3333333333333,3.3333333333333,"2010",10,100,1000
60,6,1984,"4",16.0833333333333,0.0833333333333002,"2000",0,0,0
60,6,1984,"4",16.0833333333333,0.0833333333333002,"2001",1,1,1
60,3,1984,"4",16.0833333333333,0.0833333333333002,"2002",2,4,8
60,5,1984,"4",16.0833333333333,0.0833333333333002,"2003",3,9,27
60,4,1984,"4",16.0833333333333,0.0833333333333002,"2004",4,16,64
60,4,1984,"4",16.0833333333333,0.0833333333333002,"2005",5,25,125
60,4,1984,"4",16.0833333333333,0.0833333333333002,"2006",6,36,216
60,3,1984,"4",16.0833333333333,0.0833333333333002,"2007",7,49,343
60,3,1984,"4",16.0833333333333,0.0833333333333002,"2008",8,64,512
60,4,1984,"4",16.0833333333333,0.0833333333333002,"2009",9,81,729
60,1,1984,"4",16.0833333333333,0.0833333333333002,"2010",10,100,1000
61,1,1983,"3",17.4166666666667,1.4166666666667,"2000",0,0,0
61,1,1983,"3",17.4166666666667,1.4166666666667,"2001",1,1,1
61,1,1983,"3",17.4166666666667,1.4166666666667,"2002",2,4,8
61,1,1983,"3",17.4166666666667,1.4166666666667,"2003",3,9,27
61,2,1983,"3",17.4166666666667,1.4166666666667,"2004",4,16,64
61,3,1983,"3",17.4166666666667,1.4166666666667,"2005",5,25,125
61,2,1983,"3",17.4166666666667,1.4166666666667,"2006",6,36,216
61,4,1983,"3",17.4166666666667,1.4166666666667,"2007",7,49,343
61,1,1983,"3",17.4166666666667,1.4166666666667,"2008",8,64,512
61,2,1983,"3",17.4166666666667,1.4166666666667,"2009",9,81,729
61,2,1983,"3",17.4166666666667,1.4166666666667,"2010",10,100,1000
62,2,1980,"0",20.25,4.25,"2000",0,0,0
62,1,1980,"0",20.25,4.25,"2001",1,1,1
62,1,1980,"0",20.25,4.25,"2002",2,4,8
62,1,1980,"0",20.25,4.25,"2003",3,9,27
62,3,1980,"0",20.25,4.25,"2004",4,16,64
62,1,1980,"0",20.25,4.25,"2005",5,25,125
62,1,1980,"0",20.25,4.25,"2006",6,36,216
62,1,1980,"0",20.25,4.25,"2007",7,49,343
62,1,1980,"0",20.25,4.25,"2008",8,64,512
62,2,1980,"0",20.25,4.25,"2009",9,81,729
62,1,1980,"0",20.25,4.25,"2010",10,100,1000
63,6,1984,"4",16.8333333333333,0.8333333333333,"2000",0,0,0
63,1,1984,"4",16.8333333333333,0.8333333333333,"2001",1,1,1
63,4,1984,"4",16.8333333333333,0.8333333333333,"2002",2,4,8
63,3,1984,"4",16.8333333333333,0.8333333333333,"2003",3,9,27
63,3,1984,"4",16.8333333333333,0.8333333333333,"2004",4,16,64
63,3,1984,"4",16.8333333333333,0.8333333333333,"2005",5,25,125
63,2,1984,"4",16.8333333333333,0.8333333333333,"2006",6,36,216
63,3,1984,"4",16.8333333333333,0.8333333333333,"2007",7,49,343
63,2,1984,"4",16.8333333333333,0.8333333333333,"2008",8,64,512
63,3,1984,"4",16.8333333333333,0.8333333333333,"2009",9,81,729
63,3,1984,"4",16.8333333333333,0.8333333333333,"2010",10,100,1000
67,2,1980,"0",20.9166666666667,4.9166666666667,"2000",0,0,0
67,1,1980,"0",20.9166666666667,4.9166666666667,"2001",1,1,1
67,2,1980,"0",20.9166666666667,4.9166666666667,"2002",2,4,8
67,1,1980,"0",20.9166666666667,4.9166666666667,"2003",3,9,27
67,1,1980,"0",20.9166666666667,4.9166666666667,"2004",4,16,64
67,1,1980,"0",20.9166666666667,4.9166666666667,"2005",5,25,125
67,4,1980,"0",20.9166666666667,4.9166666666667,"2006",6,36,216
67,2,1980,"0",20.9166666666667,4.9166666666667,"2007",7,49,343
67,1,1980,"0",20.9166666666667,4.9166666666667,"2008",8,64,512
67,6,1980,"0",20.9166666666667,4.9166666666667,"2009",9,81,729
67,2,1980,"0",20.9166666666667,4.9166666666667,"2010",10,100,1000
68,2,1981,"1",19.0833333333333,3.0833333333333,"2000",0,0,0
68,2,1981,"1",19.0833333333333,3.0833333333333,"2001",1,1,1
68,8,1981,"1",19.0833333333333,3.0833333333333,"2002",2,4,8
68,6,1981,"1",19.0833333333333,3.0833333333333,"2003",3,9,27
68,3,1981,"1",19.0833333333333,3.0833333333333,"2004",4,16,64
68,6,1981,"1",19.0833333333333,3.0833333333333,"2005",5,25,125
68,6,1981,"1",19.0833333333333,3.0833333333333,"2006",6,36,216
68,2,1981,"1",19.0833333333333,3.0833333333333,"2007",7,49,343
68,6,1981,"1",19.0833333333333,3.0833333333333,"2008",8,64,512
68,8,1981,"1",19.0833333333333,3.0833333333333,"2009",9,81,729
68,8,1981,"1",19.0833333333333,3.0833333333333,"2010",10,100,1000
69,7,1981,"1",19.5833333333333,3.5833333333333,"2000",0,0,0
69,7,1981,"1",19.5833333333333,3.5833333333333,"2001",1,1,1
69,6,1981,"1",19.5833333333333,3.5833333333333,"2002",2,4,8
69,7,1981,"1",19.5833333333333,3.5833333333333,"2003",3,9,27
69,2,1981,"1",19.5833333333333,3.5833333333333,"2004",4,16,64
69,7,1981,"1",19.5833333333333,3.5833333333333,"2005",5,25,125
69,6,1981,"1",19.5833333333333,3.5833333333333,"2006",6,36,216
69,7,1981,"1",19.5833333333333,3.5833333333333,"2007",7,49,343
69,6,1981,"1",19.5833333333333,3.5833333333333,"2008",8,64,512
69,6,1981,"1",19.5833333333333,3.5833333333333,"2009",9,81,729
69,6,1981,"1",19.5833333333333,3.5833333333333,"2010",10,100,1000
70,6,1982,"2",18.6666666666667,2.6666666666667,"2000",0,0,0
70,6,1982,"2",18.6666666666667,2.6666666666667,"2001",1,1,1
70,6,1982,"2",18.6666666666667,2.6666666666667,"2002",2,4,8
70,6,1982,"2",18.6666666666667,2.6666666666667,"2003",3,9,27
70,6,1982,"2",18.6666666666667,2.6666666666667,"2004",4,16,64
70,5,1982,"2",18.6666666666667,2.6666666666667,"2005",5,25,125
70,4,1982,"2",18.6666666666667,2.6666666666667,"2006",6,36,216
70,4,1982,"2",18.6666666666667,2.6666666666667,"2007",7,49,343
70,2,1982,"2",18.6666666666667,2.6666666666667,"2008",8,64,512
70,4,1982,"2",18.6666666666667,2.6666666666667,"2009",9,81,729
70,3,1982,"2",18.6666666666667,2.6666666666667,"2010",10,100,1000
71,1,1980,"0",20.0833333333333,4.0833333333333,"2000",0,0,0
71,1,1980,"0",20.0833333333333,4.0833333333333,"2001",1,1,1
71,1,1980,"0",20.0833333333333,4.0833333333333,"2002",2,4,8
71,1,1980,"0",20.0833333333333,4.0833333333333,"2003",3,9,27
71,2,1980,"0",20.0833333333333,4.0833333333333,"2004",4,16,64
71,2,1980,"0",20.0833333333333,4.0833333333333,"2005",5,25,125
71,1,1980,"0",20.0833333333333,4.0833333333333,"2006",6,36,216
71,1,1980,"0",20.0833333333333,4.0833333333333,"2007",7,49,343
71,1,1980,"0",20.0833333333333,4.0833333333333,"2008",8,64,512
71,1,1980,"0",20.0833333333333,4.0833333333333,"2009",9,81,729
71,1,1980,"0",20.0833333333333,4.0833333333333,"2010",10,100,1000
75,1,1982,"2",18.0833333333333,2.0833333333333,"2000",0,0,0
75,1,1982,"2",18.0833333333333,2.0833333333333,"2001",1,1,1
75,1,1982,"2",18.0833333333333,2.0833333333333,"2002",2,4,8
75,1,1982,"2",18.0833333333333,2.0833333333333,"2003",3,9,27
75,1,1982,"2",18.0833333333333,2.0833333333333,"2004",4,16,64
75,1,1982,"2",18.0833333333333,2.0833333333333,"2005",5,25,125
75,1,1982,"2",18.0833333333333,2.0833333333333,"2006",6,36,216
75,6,1982,"2",18.0833333333333,2.0833333333333,"2007",7,49,343
75,6,1982,"2",18.0833333333333,2.0833333333333,"2008",8,64,512
75,6,1982,"2",18.0833333333333,2.0833333333333,"2009",9,81,729
75,6,1982,"2",18.0833333333333,2.0833333333333,"2010",10,100,1000
76,1,1982,"2",18.0833333333333,2.0833333333333,"2000",0,0,0
76,1,1982,"2",18.0833333333333,2.0833333333333,"2001",1,1,1
76,1,1982,"2",18.0833333333333,2.0833333333333,"2002",2,4,8
76,1,1982,"2",18.0833333333333,2.0833333333333,"2003",3,9,27
76,1,1982,"2",18.0833333333333,2.0833333333333,"2004",4,16,64
76,1,1982,"2",18.0833333333333,2.0833333333333,"2005",5,25,125
76,1,1982,"2",18.0833333333333,2.0833333333333,"2006",6,36,216
76,1,1982,"2",18.0833333333333,2.0833333333333,"2007",7,49,343
76,1,1982,"2",18.0833333333333,2.0833333333333,"2008",8,64,512
76,1,1982,"2",18.0833333333333,2.0833333333333,"2009",9,81,729
76,1,1982,"2",18.0833333333333,2.0833333333333,"2010",10,100,1000
78,1,1981,"1",19.5833333333333,3.5833333333333,"2000",0,0,0
78,1,1981,"1",19.5833333333333,3.5833333333333,"2001",1,1,1
78,1,1981,"1",19.5833333333333,3.5833333333333,"2002",2,4,8
78,1,1981,"1",19.5833333333333,3.5833333333333,"2003",3,9,27
78,2,1981,"1",19.5833333333333,3.5833333333333,"2004",4,16,64
78,1,1981,"1",19.5833333333333,3.5833333333333,"2005",5,25,125
78,1,1981,"1",19.5833333333333,3.5833333333333,"2006",6,36,216
78,1,1981,"1",19.5833333333333,3.5833333333333,"2007",7,49,343
78,1,1981,"1",19.5833333333333,3.5833333333333,"2008",8,64,512
78,1,1981,"1",19.5833333333333,3.5833333333333,"2009",9,81,729
78,1,1981,"1",19.5833333333333,3.5833333333333,"2010",10,100,1000
79,4,1983,"3",18,2,"2000",0,0,0
79,1,1983,"3",18,2,"2001",1,1,1
79,1,1983,"3",18,2,"2002",2,4,8
79,1,1983,"3",18,2,"2003",3,9,27
79,1,1983,"3",18,2,"2004",4,16,64
79,1,1983,"3",18,2,"2005",5,25,125
79,1,1983,"3",18,2,"2006",6,36,216
79,1,1983,"3",18,2,"2007",7,49,343
79,1,1983,"3",18,2,"2008",8,64,512
79,1,1983,"3",18,2,"2009",9,81,729
79,1,1983,"3",18,2,"2010",10,100,1000
80,2,1981,"1",19.5,3.5,"2000",0,0,0
80,1,1981,"1",19.5,3.5,"2001",1,1,1
80,1,1981,"1",19.5,3.5,"2002",2,4,8
80,1,1981,"1",19.5,3.5,"2003",3,9,27
80,1,1981,"1",19.5,3.5,"2004",4,16,64
80,1,1981,"1",19.5,3.5,"2005",5,25,125
80,1,1981,"1",19.5,3.5,"2006",6,36,216
80,1,1981,"1",19.5,3.5,"2007",7,49,343
80,2,1981,"1",19.5,3.5,"2008",8,64,512
80,2,1981,"1",19.5,3.5,"2009",9,81,729
80,1,1981,"1",19.5,3.5,"2010",10,100,1000
83,3,1981,"1",19.75,3.75,"2000",0,0,0
83,4,1981,"1",19.75,3.75,"2001",1,1,1
83,5,1981,"1",19.75,3.75,"2002",2,4,8
83,3,1981,"1",19.75,3.75,"2003",3,9,27
83,1,1981,"1",19.75,3.75,"2004",4,16,64
83,1,1981,"1",19.75,3.75,"2005",5,25,125
83,2,1981,"1",19.75,3.75,"2006",6,36,216
83,2,1981,"1",19.75,3.75,"2007",7,49,343
83,2,1981,"1",19.75,3.75,"2008",8,64,512
83,2,1981,"1",19.75,3.75,"2009",9,81,729
83,1,1981,"1",19.75,3.75,"2010",10,100,1000
85,2,1984,"4",16.1666666666667,0.1666666666667,"2000",0,0,0
85,1,1984,"4",16.1666666666667,0.1666666666667,"2001",1,1,1
85,4,1984,"4",16.1666666666667,0.1666666666667,"2002",2,4,8
85,1,1984,"4",16.1666666666667,0.1666666666667,"2003",3,9,27
85,1,1984,"4",16.1666666666667,0.1666666666667,"2004",4,16,64
85,1,1984,"4",16.1666666666667,0.1666666666667,"2005",5,25,125
85,1,1984,"4",16.1666666666667,0.1666666666667,"2006",6,36,216
85,1,1984,"4",16.1666666666667,0.1666666666667,"2007",7,49,343
85,1,1984,"4",16.1666666666667,0.1666666666667,"2008",8,64,512
85,2,1984,"4",16.1666666666667,0.1666666666667,"2009",9,81,729
85,1,1984,"4",16.1666666666667,0.1666666666667,"2010",10,100,1000
86,1,1980,"0",20.8333333333333,4.8333333333333,"2000",0,0,0
86,4,1980,"0",20.8333333333333,4.8333333333333,"2001",1,1,1
86,1,1980,"0",20.8333333333333,4.8333333333333,"2002",2,4,8
86,1,1980,"0",20.8333333333333,4.8333333333333,"2003",3,9,27
86,1,1980,"0",20.8333333333333,4.8333333333333,"2004",4,16,64
86,1,1980,"0",20.8333333333333,4.8333333333333,"2005",5,25,125
86,1,1980,"0",20.8333333333333,4.8333333333333,"2006",6,36,216
86,1,1980,"0",20.8333333333333,4.8333333333333,"2007",7,49,343
86,1,1980,"0",20.8333333333333,4.8333333333333,"2008",8,64,512
86,1,1980,"0",20.8333333333333,4.8333333333333,"2009",9,81,729
86,1,1980,"0",20.8333333333333,4.8333333333333,"2010",10,100,1000
89,6,1981,"1",19.9166666666667,3.9166666666667,"2000",0,0,0
89,5,1981,"1",19.9166666666667,3.9166666666667,"2001",1,1,1
89,3,1981,"1",19.9166666666667,3.9166666666667,"2002",2,4,8
89,2,1981,"1",19.9166666666667,3.9166666666667,"2003",3,9,27
89,1,1981,"1",19.9166666666667,3.9166666666667,"2004",4,16,64
89,1,1981,"1",19.9166666666667,3.9166666666667,"2005",5,25,125
89,1,1981,"1",19.9166666666667,3.9166666666667,"2006",6,36,216
89,1,1981,"1",19.9166666666667,3.9166666666667,"2007",7,49,343
89,1,1981,"1",19.9166666666667,3.9166666666667,"2008",8,64,512
89,1,1981,"1",19.9166666666667,3.9166666666667,"2009",9,81,729
89,1,1981,"1",19.9166666666667,3.9166666666667,"2010",10,100,1000
90,2,1981,"1",19.9166666666667,3.9166666666667,"2000",0,0,0
90,2,1981,"1",19.9166666666667,3.9166666666667,"2001",1,1,1
90,3,1981,"1",19.9166666666667,3.9166666666667,"2002",2,4,8
90,3,1981,"1",19.9166666666667,3.9166666666667,"2003",3,9,27
90,2,1981,"1",19.9166666666667,3.9166666666667,"2004",4,16,64
90,2,1981,"1",19.9166666666667,3.9166666666667,"2005",5,25,125
90,2,1981,"1",19.9166666666667,3.9166666666667,"2006",6,36,216
90,2,1981,"1",19.9166666666667,3.9166666666667,"2007",7,49,343
90,2,1981,"1",19.9166666666667,3.9166666666667,"2008",8,64,512
90,2,1981,"1",19.9166666666667,3.9166666666667,"2009",9,81,729
90,2,1981,"1",19.9166666666667,3.9166666666667,"2010",10,100,1000
91,4,1982,"2",18.75,2.75,"2000",0,0,0
91,2,1982,"2",18.75,2.75,"2001",1,1,1
91,4,1982,"2",18.75,2.75,"2002",2,4,8
91,2,1982,"2",18.75,2.75,"2003",3,9,27
91,3,1982,"2",18.75,2.75,"2004",4,16,64
91,3,1982,"2",18.75,2.75,"2005",5,25,125
91,2,1982,"2",18.75,2.75,"2006",6,36,216
91,2,1982,"2",18.75,2.75,"2007",7,49,343
91,4,1982,"2",18.75,2.75,"2008",8,64,512
91,2,1982,"2",18.75,2.75,"2009",9,81,729
91,1,1982,"2",18.75,2.75,"2010",10,100,1000
92,1,1983,"3",17.3333333333333,1.3333333333333,"2000",0,0,0
92,1,1983,"3",17.3333333333333,1.3333333333333,"2001",1,1,1
92,1,1983,"3",17.3333333333333,1.3333333333333,"2002",2,4,8
92,1,1983,"3",17.3333333333333,1.3333333333333,"2003",3,9,27
92,2,1983,"3",17.3333333333333,1.3333333333333,"2004",4,16,64
92,2,1983,"3",17.3333333333333,1.3333333333333,"2005",5,25,125
92,2,1983,"3",17.3333333333333,1.3333333333333,"2006",6,36,216
92,4,1983,"3",17.3333333333333,1.3333333333333,"2007",7,49,343
92,2,1983,"3",17.3333333333333,1.3333333333333,"2008",8,64,512
92,2,1983,"3",17.3333333333333,1.3333333333333,"2009",9,81,729
92,2,1983,"3",17.3333333333333,1.3333333333333,"2010",10,100,1000
97,1,1980,"0",20.5,4.5,"2000",0,0,0
97,1,1980,"0",20.5,4.5,"2001",1,1,1
97,2,1980,"0",20.5,4.5,"2002",2,4,8
97,1,1980,"0",20.5,4.5,"2003",3,9,27
97,3,1980,"0",20.5,4.5,"2004",4,16,64
97,6,1980,"0",20.5,4.5,"2005",5,25,125
97,6,1980,"0",20.5,4.5,"2006",6,36,216
97,6,1980,"0",20.5,4.5,"2007",7,49,343
97,6,1980,"0",20.5,4.5,"2008",8,64,512
97,6,1980,"0",20.5,4.5,"2009",9,81,729
97,1,1980,"0",20.5,4.5,"2010",10,100,1000
100,2,1981,"1",19.0833333333333,3.0833333333333,"2000",0,0,0
100,2,1981,"1",19.0833333333333,3.0833333333333,"2001",1,1,1
100,1,1981,"1",19.0833333333333,3.0833333333333,"2002",2,4,8
100,1,1981,"1",19.0833333333333,3.0833333333333,"2003",3,9,27
100,2,1981,"1",19.0833333333333,3.0833333333333,"2004",4,16,64
100,1,1981,"1",19.0833333333333,3.0833333333333,"2005",5,25,125
100,2,1981,"1",19.0833333333333,3.0833333333333,"2006",6,36,216
100,2,1981,"1",19.0833333333333,3.0833333333333,"2007",7,49,343
100,2,1981,"1",19.0833333333333,3.0833333333333,"2008",8,64,512
100,4,1981,"1",19.0833333333333,3.0833333333333,"2009",9,81,729
100,2,1981,"1",19.0833333333333,3.0833333333333,"2010",10,100,1000
101,7,1981,"1",19.5833333333333,3.5833333333333,"2000",0,0,0
101,3,1981,"1",19.5833333333333,3.5833333333333,"2001",1,1,1
101,4,1981,"1",19.5833333333333,3.5833333333333,"2002",2,4,8
101,5,1981,"1",19.5833333333333,3.5833333333333,"2003",3,9,27
101,4,1981,"1",19.5833333333333,3.5833333333333,"2004",4,16,64
101,2,1981,"1",19.5833333333333,3.5833333333333,"2005",5,25,125
101,5,1981,"1",19.5833333333333,3.5833333333333,"2006",6,36,216
101,6,1981,"1",19.5833333333333,3.5833333333333,"2007",7,49,343
101,6,1981,"1",19.5833333333333,3.5833333333333,"2008",8,64,512
101,5,1981,"1",19.5833333333333,3.5833333333333,"2009",9,81,729
101,2,1981,"1",19.5833333333333,3.5833333333333,"2010",10,100,1000
104,1,1980,"0",20.9166666666667,4.9166666666667,"2000",0,0,0
104,1,1980,"0",20.9166666666667,4.9166666666667,"2001",1,1,1
104,1,1980,"0",20.9166666666667,4.9166666666667,"2002",2,4,8
104,2,1980,"0",20.9166666666667,4.9166666666667,"2003",3,9,27
104,1,1980,"0",20.9166666666667,4.9166666666667,"2004",4,16,64
104,2,1980,"0",20.9166666666667,4.9166666666667,"2005",5,25,125
104,2,1980,"0",20.9166666666667,4.9166666666667,"2006",6,36,216
104,2,1980,"0",20.9166666666667,4.9166666666667,"2007",7,49,343
104,1,1980,"0",20.9166666666667,4.9166666666667,"2008",8,64,512
104,2,1980,"0",20.9166666666667,4.9166666666667,"2009",9,81,729
104,3,1980,"0",20.9166666666667,4.9166666666667,"2010",10,100,1000
105,1,1983,"3",17.6666666666667,1.6666666666667,"2000",0,0,0
105,3,1983,"3",17.6666666666667,1.6666666666667,"2001",1,1,1
105,2,1983,"3",17.6666666666667,1.6666666666667,"2002",2,4,8
105,3,1983,"3",17.6666666666667,1.6666666666667,"2003",3,9,27
105,1,1983,"3",17.6666666666667,1.6666666666667,"2004",4,16,64
105,1,1983,"3",17.6666666666667,1.6666666666667,"2005",5,25,125
105,1,1983,"3",17.6666666666667,1.6666666666667,"2006",6,36,216
105,3,1983,"3",17.6666666666667,1.6666666666667,"2007",7,49,343
105,2,1983,"3",17.6666666666667,1.6666666666667,"2008",8,64,512
105,3,1983,"3",17.6666666666667,1.6666666666667,"2009",9,81,729
105,3,1983,"3",17.6666666666667,1.6666666666667,"2010",10,100,1000
107,6,1982,"2",18.6666666666667,2.6666666666667,"2000",0,0,0
107,3,1982,"2",18.6666666666667,2.6666666666667,"2001",1,1,1
107,2,1982,"2",18.6666666666667,2.6666666666667,"2002",2,4,8
107,4,1982,"2",18.6666666666667,2.6666666666667,"2003",3,9,27
107,5,1982,"2",18.6666666666667,2.6666666666667,"2004",4,16,64
107,3,1982,"2",18.6666666666667,2.6666666666667,"2005",5,25,125
107,3,1982,"2",18.6666666666667,2.6666666666667,"2006",6,36,216
107,3,1982,"2",18.6666666666667,2.6666666666667,"2007",7,49,343
107,3,1982,"2",18.6666666666667,2.6666666666667,"2008",8,64,512
107,3,1982,"2",18.6666666666667,2.6666666666667,"2009",9,81,729
107,2,1982,"2",18.6666666666667,2.6666666666667,"2010",10,100,1000
108,6,1984,"4",16.75,0.75,"2000",0,0,0
108,6,1984,"4",16.75,0.75,"2001",1,1,1
108,3,1984,"4",16.75,0.75,"2002",2,4,8
108,3,1984,"4",16.75,0.75,"2003",3,9,27
108,2,1984,"4",16.75,0.75,"2004",4,16,64
108,4,1984,"4",16.75,0.75,"2005",5,25,125
108,2,1984,"4",16.75,0.75,"2006",6,36,216
108,2,1984,"4",16.75,0.75,"2007",7,49,343
108,2,1984,"4",16.75,0.75,"2008",8,64,512
108,2,1984,"4",16.75,0.75,"2009",9,81,729
108,1,1984,"4",16.75,0.75,"2010",10,100,1000
109,5,1982,"2",18.25,2.25,"2000",0,0,0
109,2,1982,"2",18.25,2.25,"2001",1,1,1
109,2,1982,"2",18.25,2.25,"2002",2,4,8
109,1,1982,"2",18.25,2.25,"2003",3,9,27
109,1,1982,"2",18.25,2.25,"2004",4,16,64
109,1,1982,"2",18.25,2.25,"2005",5,25,125
109,1,1982,"2",18.25,2.25,"2006",6,36,216
109,1,1982,"2",18.25,2.25,"2007",7,49,343
109,1,1982,"2",18.25,2.25,"2008",8,64,512
109,2,1982,"2",18.25,2.25,"2009",9,81,729
109,1,1982,"2",18.25,2.25,"2010",10,100,1000
110,3,1984,"4",16.1666666666667,0.1666666666667,"2000",0,0,0
110,3,1984,"4",16.1666666666667,0.1666666666667,"2001",1,1,1
110,2,1984,"4",16.1666666666667,0.1666666666667,"2002",2,4,8
110,2,1984,"4",16.1666666666667,0.1666666666667,"2003",3,9,27
110,2,1984,"4",16.1666666666667,0.1666666666667,"2004",4,16,64
110,1,1984,"4",16.1666666666667,0.1666666666667,"2005",5,25,125
110,1,1984,"4",16.1666666666667,0.1666666666667,"2006",6,36,216
110,2,1984,"4",16.1666666666667,0.1666666666667,"2007",7,49,343
110,1,1984,"4",16.1666666666667,0.1666666666667,"2008",8,64,512
110,2,1984,"4",16.1666666666667,0.1666666666667,"2009",9,81,729
110,2,1984,"4",16.1666666666667,0.1666666666667,"2010",10,100,1000
114,2,1982,"2",18.5833333333333,2.5833333333333,"2000",0,0,0
114,1,1982,"2",18.5833333333333,2.5833333333333,"2001",1,1,1
114,1,1982,"2",18.5833333333333,2.5833333333333,"2002",2,4,8
114,1,1982,"2",18.5833333333333,2.5833333333333,"2003",3,9,27
114,1,1982,"2",18.5833333333333,2.5833333333333,"2004",4,16,64
114,3,1982,"2",18.5833333333333,2.5833333333333,"2005",5,25,125
114,2,1982,"2",18.5833333333333,2.5833333333333,"2006",6,36,216
114,1,1982,"2",18.5833333333333,2.5833333333333,"2007",7,49,343
114,1,1982,"2",18.5833333333333,2.5833333333333,"2008",8,64,512
114,1,1982,"2",18.5833333333333,2.5833333333333,"2009",9,81,729
114,2,1982,"2",18.5833333333333,2.5833333333333,"2010",10,100,1000
122,6,1984,"4",16.5,0.5,"2000",0,0,0
122,5,1984,"4",16.5,0.5,"2001",1,1,1
122,1,1984,"4",16.5,0.5,"2002",2,4,8
122,1,1984,"4",16.5,0.5,"2003",3,9,27
122,4,1984,"4",16.5,0.5,"2004",4,16,64
122,1,1984,"4",16.5,0.5,"2005",5,25,125
122,1,1984,"4",16.5,0.5,"2006",6,36,216
122,1,1984,"4",16.5,0.5,"2007",7,49,343
122,2,1984,"4",16.5,0.5,"2008",8,64,512
122,1,1984,"4",16.5,0.5,"2009",9,81,729
122,1,1984,"4",16.5,0.5,"2010",10,100,1000
126,2,1981,"1",19.4166666666667,3.4166666666667,"2000",0,0,0
126,2,1981,"1",19.4166666666667,3.4166666666667,"2001",1,1,1
126,2,1981,"1",19.4166666666667,3.4166666666667,"2002",2,4,8
126,2,1981,"1",19.4166666666667,3.4166666666667,"2003",3,9,27
126,2,1981,"1",19.4166666666667,3.4166666666667,"2004",4,16,64
126,5,1981,"1",19.4166666666667,3.4166666666667,"2005",5,25,125
126,2,1981,"1",19.4166666666667,3.4166666666667,"2006",6,36,216
126,1,1981,"1",19.4166666666667,3.4166666666667,"2007",7,49,343
126,2,1981,"1",19.4166666666667,3.4166666666667,"2008",8,64,512
126,1,1981,"1",19.4166666666667,3.4166666666667,"2009",9,81,729
126,2,1981,"1",19.4166666666667,3.4166666666667,"2010",10,100,1000
127,2,1982,"2",18.25,2.25,"2000",0,0,0
127,6,1982,"2",18.25,2.25,"2001",1,1,1
127,2,1982,"2",18.25,2.25,"2002",2,4,8
127,6,1982,"2",18.25,2.25,"2003",3,9,27
127,6,1982,"2",18.25,2.25,"2004",4,16,64
127,6,1982,"2",18.25,2.25,"2005",5,25,125
127,4,1982,"2",18.25,2.25,"2006",6,36,216
127,4,1982,"2",18.25,2.25,"2007",7,49,343
127,5,1982,"2",18.25,2.25,"2008",8,64,512
127,2,1982,"2",18.25,2.25,"2009",9,81,729
127,2,1982,"2",18.25,2.25,"2010",10,100,1000
135,1,1981,"1",19.3333333333333,3.3333333333333,"2000",0,0,0
135,1,1981,"1",19.3333333333333,3.3333333333333,"2001",1,1,1
135,1,1981,"1",19.3333333333333,3.3333333333333,"2002",2,4,8
135,1,1981,"1",19.3333333333333,3.3333333333333,"2003",3,9,27
135,1,1981,"1",19.3333333333333,3.3333333333333,"2004",4,16,64
135,1,1981,"1",19.3333333333333,3.3333333333333,"2005",5,25,125
135,1,1981,"1",19.3333333333333,3.3333333333333,"2006",6,36,216
135,1,1981,"1",19.3333333333333,3.3333333333333,"2007",7,49,343
135,1,1981,"1",19.3333333333333,3.3333333333333,"2008",8,64,512
135,1,1981,"1",19.3333333333333,3.3333333333333,"2009",9,81,729
135,1,1981,"1",19.3333333333333,3.3333333333333,"2010",10,100,1000
137,6,1980,"0",20.4166666666667,4.4166666666667,"2000",0,0,0
137,2,1980,"0",20.4166666666667,4.4166666666667,"2001",1,1,1
137,3,1980,"0",20.4166666666667,4.4166666666667,"2002",2,4,8
137,3,1980,"0",20.4166666666667,4.4166666666667,"2003",3,9,27
137,4,1980,"0",20.4166666666667,4.4166666666667,"2004",4,16,64
137,1,1980,"0",20.4166666666667,4.4166666666667,"2005",5,25,125
137,3,1980,"0",20.4166666666667,4.4166666666667,"2006",6,36,216
137,3,1980,"0",20.4166666666667,4.4166666666667,"2007",7,49,343
137,3,1980,"0",20.4166666666667,4.4166666666667,"2008",8,64,512
137,3,1980,"0",20.4166666666667,4.4166666666667,"2009",9,81,729
137,3,1980,"0",20.4166666666667,4.4166666666667,"2010",10,100,1000
138,6,1984,"4",16.3333333333333,0.3333333333333,"2000",0,0,0
138,4,1984,"4",16.3333333333333,0.3333333333333,"2001",1,1,1
138,6,1984,"4",16.3333333333333,0.3333333333333,"2002",2,4,8
138,2,1984,"4",16.3333333333333,0.3333333333333,"2003",3,9,27
138,1,1984,"4",16.3333333333333,0.3333333333333,"2004",4,16,64
138,1,1984,"4",16.3333333333333,0.3333333333333,"2005",5,25,125
138,1,1984,"4",16.3333333333333,0.3333333333333,"2006",6,36,216
138,1,1984,"4",16.3333333333333,0.3333333333333,"2007",7,49,343
138,2,1984,"4",16.3333333333333,0.3333333333333,"2008",8,64,512
138,1,1984,"4",16.3333333333333,0.3333333333333,"2009",9,81,729
138,1,1984,"4",16.3333333333333,0.3333333333333,"2010",10,100,1000
144,6,1982,"2",18.6666666666667,2.6666666666667,"2000",0,0,0
144,6,1982,"2",18.6666666666667,2.6666666666667,"2001",1,1,1
144,6,1982,"2",18.6666666666667,2.6666666666667,"2002",2,4,8
144,6,1982,"2",18.6666666666667,2.6666666666667,"2003",3,9,27
144,5,1982,"2",18.6666666666667,2.6666666666667,"2004",4,16,64
144,2,1982,"2",18.6666666666667,2.6666666666667,"2005",5,25,125
144,4,1982,"2",18.6666666666667,2.6666666666667,"2006",6,36,216
144,4,1982,"2",18.6666666666667,2.6666666666667,"2007",7,49,343
144,2,1982,"2",18.6666666666667,2.6666666666667,"2008",8,64,512
144,3,1982,"2",18.6666666666667,2.6666666666667,"2009",9,81,729
144,3,1982,"2",18.6666666666667,2.6666666666667,"2010",10,100,1000
145,6,1984,"4",16.3333333333333,0.3333333333333,"2000",0,0,0
145,6,1984,"4",16.3333333333333,0.3333333333333,"2001",1,1,1
145,6,1984,"4",16.3333333333333,0.3333333333333,"2002",2,4,8
145,5,1984,"4",16.3333333333333,0.3333333333333,"2003",3,9,27
145,4,1984,"4",16.3333333333333,0.3333333333333,"2004",4,16,64
145,3,1984,"4",16.3333333333333,0.3333333333333,"2005",5,25,125
145,2,1984,"4",16.3333333333333,0.3333333333333,"2006",6,36,216
145,3,1984,"4",16.3333333333333,0.3333333333333,"2007",7,49,343
145,4,1984,"4",16.3333333333333,0.3333333333333,"2008",8,64,512
145,3,1984,"4",16.3333333333333,0.3333333333333,"2009",9,81,729
145,4,1984,"4",16.3333333333333,0.3333333333333,"2010",10,100,1000
147,2,1984,"4",16.1666666666667,0.1666666666667,"2000",0,0,0
147,2,1984,"4",16.1666666666667,0.1666666666667,"2001",1,1,1
147,2,1984,"4",16.1666666666667,0.1666666666667,"2002",2,4,8
147,3,1984,"4",16.1666666666667,0.1666666666667,"2003",3,9,27
147,5,1984,"4",16.1666666666667,0.1666666666667,"2004",4,16,64
147,1,1984,"4",16.1666666666667,0.1666666666667,"2005",5,25,125
147,1,1984,"4",16.1666666666667,0.1666666666667,"2006",6,36,216
147,1,1984,"4",16.1666666666667,0.1666666666667,"2007",7,49,343
147,1,1984,"4",16.1666666666667,0.1666666666667,"2008",8,64,512
147,1,1984,"4",16.1666666666667,0.1666666666667,"2009",9,81,729
147,1,1984,"4",16.1666666666667,0.1666666666667,"2010",10,100,1000
148,1,1982,"2",18.8333333333333,2.8333333333333,"2000",0,0,0
148,1,1982,"2",18.8333333333333,2.8333333333333,"2001",1,1,1
148,1,1982,"2",18.8333333333333,2.8333333333333,"2002",2,4,8
148,2,1982,"2",18.8333333333333,2.8333333333333,"2003",3,9,27
148,2,1982,"2",18.8333333333333,2.8333333333333,"2004",4,16,64
148,2,1982,"2",18.8333333333333,2.8333333333333,"2005",5,25,125
148,1,1982,"2",18.8333333333333,2.8333333333333,"2006",6,36,216
148,1,1982,"2",18.8333333333333,2.8333333333333,"2007",7,49,343
148,1,1982,"2",18.8333333333333,2.8333333333333,"2008",8,64,512
148,1,1982,"2",18.8333333333333,2.8333333333333,"2009",9,81,729
148,1,1982,"2",18.8333333333333,2.8333333333333,"2010",10,100,1000
149,5,1983,"3",17.3333333333333,1.3333333333333,"2000",0,0,0
149,6,1983,"3",17.3333333333333,1.3333333333333,"2001",1,1,1
149,6,1983,"3",17.3333333333333,1.3333333333333,"2002",2,4,8
149,5,1983,"3",17.3333333333333,1.3333333333333,"2003",3,9,27
149,5,1983,"3",17.3333333333333,1.3333333333333,"2004",4,16,64
149,4,1983,"3",17.3333333333333,1.3333333333333,"2005",5,25,125
149,4,1983,"3",17.3333333333333,1.3333333333333,"2006",6,36,216
149,5,1983,"3",17.3333333333333,1.3333333333333,"2007",7,49,343
149,5,1983,"3",17.3333333333333,1.3333333333333,"2008",8,64,512
149,2,1983,"3",17.3333333333333,1.3333333333333,"2009",9,81,729
149,3,1983,"3",17.3333333333333,1.3333333333333,"2010",10,100,1000
150,6,1984,"4",16.1666666666667,0.1666666666667,"2000",0,0,0
150,5,1984,"4",16.1666666666667,0.1666666666667,"2001",1,1,1
150,3,1984,"4",16.1666666666667,0.1666666666667,"2002",2,4,8
150,1,1984,"4",16.1666666666667,0.1666666666667,"2003",3,9,27
150,3,1984,"4",16.1666666666667,0.1666666666667,"2004",4,16,64
150,2,1984,"4",16.1666666666667,0.1666666666667,"2005",5,25,125
150,3,1984,"4",16.1666666666667,0.1666666666667,"2006",6,36,216
150,3,1984,"4",16.1666666666667,0.1666666666667,"2007",7,49,343
150,4,1984,"4",16.1666666666667,0.1666666666667,"2008",8,64,512
150,7,1984,"4",16.1666666666667,0.1666666666667,"2009",9,81,729
150,4,1984,"4",16.1666666666667,0.1666666666667,"2010",10,100,1000
155,5,1980,"0",20.1666666666667,4.1666666666667,"2000",0,0,0
155,5,1980,"0",20.1666666666667,4.1666666666667,"2001",1,1,1
155,4,1980,"0",20.1666666666667,4.1666666666667,"2002",2,4,8
155,2,1980,"0",20.1666666666667,4.1666666666667,"2003",3,9,27
155,1,1980,"0",20.1666666666667,4.1666666666667,"2004",4,16,64
155,1,1980,"0",20.1666666666667,4.1666666666667,"2005",5,25,125
155,1,1980,"0",20.1666666666667,4.1666666666667,"2006",6,36,216
155,1,1980,"0",20.1666666666667,4.1666666666667,"2007",7,49,343
155,1,1980,"0",20.1666666666667,4.1666666666667,"2008",8,64,512
155,1,1980,"0",20.1666666666667,4.1666666666667,"2009",9,81,729
155,1,1980,"0",20.1666666666667,4.1666666666667,"2010",10,100,1000
156,3,1982,"2",18.9166666666667,2.9166666666667,"2000",0,0,0
156,3,1982,"2",18.9166666666667,2.9166666666667,"2001",1,1,1
156,3,1982,"2",18.9166666666667,2.9166666666667,"2002",2,4,8
156,4,1982,"2",18.9166666666667,2.9166666666667,"2003",3,9,27
156,2,1982,"2",18.9166666666667,2.9166666666667,"2004",4,16,64
156,1,1982,"2",18.9166666666667,2.9166666666667,"2005",5,25,125
156,2,1982,"2",18.9166666666667,2.9166666666667,"2006",6,36,216
156,1,1982,"2",18.9166666666667,2.9166666666667,"2007",7,49,343
156,2,1982,"2",18.9166666666667,2.9166666666667,"2008",8,64,512
156,2,1982,"2",18.9166666666667,2.9166666666667,"2009",9,81,729
156,2,1982,"2",18.9166666666667,2.9166666666667,"2010",10,100,1000
157,1,1982,"2",18.25,2.25,"2000",0,0,0
157,1,1982,"2",18.25,2.25,"2001",1,1,1
157,1,1982,"2",18.25,2.25,"2002",2,4,8
157,1,1982,"2",18.25,2.25,"2003",3,9,27
157,1,1982,"2",18.25,2.25,"2004",4,16,64
157,1,1982,"2",18.25,2.25,"2005",5,25,125
157,1,1982,"2",18.25,2.25,"2006",6,36,216
157,1,1982,"2",18.25,2.25,"2007",7,49,343
157,1,1982,"2",18.25,2.25,"2008",8,64,512
157,1,1982,"2",18.25,2.25,"2009",9,81,729
157,1,1982,"2",18.25,2.25,"2010",10,100,1000
158,5,1984,"4",17,1,"2000",0,0,0
158,5,1984,"4",17,1,"2001",1,1,1
158,2,1984,"4",17,1,"2002",2,4,8
158,2,1984,"4",17,1,"2003",3,9,27
158,2,1984,"4",17,1,"2004",4,16,64
158,1,1984,"4",17,1,"2005",5,25,125
158,2,1984,"4",17,1,"2006",6,36,216
158,1,1984,"4",17,1,"2007",7,49,343
158,1,1984,"4",17,1,"2008",8,64,512
158,1,1984,"4",17,1,"2009",9,81,729
158,1,1984,"4",17,1,"2010",10,100,1000
159,4,1980,"0",20.0833333333333,4.0833333333333,"2000",0,0,0
159,1,1980,"0",20.0833333333333,4.0833333333333,"2001",1,1,1
159,1,1980,"0",20.0833333333333,4.0833333333333,"2002",2,4,8
159,2,1980,"0",20.0833333333333,4.0833333333333,"2003",3,9,27
159,2,1980,"0",20.0833333333333,4.0833333333333,"2004",4,16,64
159,1,1980,"0",20.0833333333333,4.0833333333333,"2005",5,25,125
159,1,1980,"0",20.0833333333333,4.0833333333333,"2006",6,36,216
159,2,1980,"0",20.0833333333333,4.0833333333333,"2007",7,49,343
159,3,1980,"0",20.0833333333333,4.0833333333333,"2008",8,64,512
159,2,1980,"0",20.0833333333333,4.0833333333333,"2009",9,81,729
159,1,1980,"0",20.0833333333333,4.0833333333333,"2010",10,100,1000
164,1,1981,"1",19.5833333333333,3.5833333333333,"2000",0,0,0
164,2,1981,"1",19.5833333333333,3.5833333333333,"2001",1,1,1
164,2,1981,"1",19.5833333333333,3.5833333333333,"2002",2,4,8
164,2,1981,"1",19.5833333333333,3.5833333333333,"2003",3,9,27
164,2,1981,"1",19.5833333333333,3.5833333333333,"2004",4,16,64
164,2,1981,"1",19.5833333333333,3.5833333333333,"2005",5,25,125
164,2,1981,"1",19.5833333333333,3.5833333333333,"2006",6,36,216
164,2,1981,"1",19.5833333333333,3.5833333333333,"2007",7,49,343
164,1,1981,"1",19.5833333333333,3.5833333333333,"2008",8,64,512
164,2,1981,"1",19.5833333333333,3.5833333333333,"2009",9,81,729
164,2,1981,"1",19.5833333333333,3.5833333333333,"2010",10,100,1000
165,2,1980,"0",20.3333333333333,4.3333333333333,"2000",0,0,0
165,5,1980,"0",20.3333333333333,4.3333333333333,"2001",1,1,1
165,3,1980,"0",20.3333333333333,4.3333333333333,"2002",2,4,8
165,3,1980,"0",20.3333333333333,4.3333333333333,"2003",3,9,27
165,1,1980,"0",20.3333333333333,4.3333333333333,"2004",4,16,64
165,3,1980,"0",20.3333333333333,4.3333333333333,"2005",5,25,125
165,3,1980,"0",20.3333333333333,4.3333333333333,"2006",6,36,216
165,3,1980,"0",20.3333333333333,4.3333333333333,"2007",7,49,343
165,5,1980,"0",20.3333333333333,4.3333333333333,"2008",8,64,512
165,3,1980,"0",20.3333333333333,4.3333333333333,"2009",9,81,729
165,3,1980,"0",20.3333333333333,4.3333333333333,"2010",10,100,1000
166,3,1982,"2",18.75,2.75,"2000",0,0,0
166,3,1982,"2",18.75,2.75,"2001",1,1,1
166,3,1982,"2",18.75,2.75,"2002",2,4,8
166,2,1982,"2",18.75,2.75,"2003",3,9,27
166,3,1982,"2",18.75,2.75,"2004",4,16,64
166,2,1982,"2",18.75,2.75,"2005",5,25,125
166,3,1982,"2",18.75,2.75,"2006",6,36,216
166,2,1982,"2",18.75,2.75,"2007",7,49,343
166,2,1982,"2",18.75,2.75,"2008",8,64,512
166,2,1982,"2",18.75,2.75,"2009",9,81,729
166,2,1982,"2",18.75,2.75,"2010",10,100,1000
167,7,1984,"4",16.9166666666667,0.9166666666667,"2000",0,0,0
167,2,1984,"4",16.9166666666667,0.9166666666667,"2001",1,1,1
167,6,1984,"4",16.9166666666667,0.9166666666667,"2002",2,4,8
167,6,1984,"4",16.9166666666667,0.9166666666667,"2003",3,9,27
167,6,1984,"4",16.9166666666667,0.9166666666667,"2004",4,16,64
167,3,1984,"4",16.9166666666667,0.9166666666667,"2005",5,25,125
167,5,1984,"4",16.9166666666667,0.9166666666667,"2006",6,36,216
167,1,1984,"4",16.9166666666667,0.9166666666667,"2007",7,49,343
167,1,1984,"4",16.9166666666667,0.9166666666667,"2008",8,64,512
167,1,1984,"4",16.9166666666667,0.9166666666667,"2009",9,81,729
167,1,1984,"4",16.9166666666667,0.9166666666667,"2010",10,100,1000
169,6,1983,"3",17.0833333333333,1.0833333333333,"2000",0,0,0
169,3,1983,"3",17.0833333333333,1.0833333333333,"2001",1,1,1
169,2,1983,"3",17.0833333333333,1.0833333333333,"2002",2,4,8
169,1,1983,"3",17.0833333333333,1.0833333333333,"2003",3,9,27
169,2,1983,"3",17.0833333333333,1.0833333333333,"2004",4,16,64
169,2,1983,"3",17.0833333333333,1.0833333333333,"2005",5,25,125
169,2,1983,"3",17.0833333333333,1.0833333333333,"2006",6,36,216
169,1,1983,"3",17.0833333333333,1.0833333333333,"2007",7,49,343
169,2,1983,"3",17.0833333333333,1.0833333333333,"2008",8,64,512
169,1,1983,"3",17.0833333333333,1.0833333333333,"2009",9,81,729
169,2,1983,"3",17.0833333333333,1.0833333333333,"2010",10,100,1000
170,4,1984,"4",16.6666666666667,0.6666666666667,"2000",0,0,0
170,3,1984,"4",16.6666666666667,0.6666666666667,"2001",1,1,1
170,3,1984,"4",16.6666666666667,0.6666666666667,"2002",2,4,8
170,3,1984,"4",16.6666666666667,0.6666666666667,"2003",3,9,27
170,2,1984,"4",16.6666666666667,0.6666666666667,"2004",4,16,64
170,1,1984,"4",16.6666666666667,0.6666666666667,"2005",5,25,125
170,1,1984,"4",16.6666666666667,0.6666666666667,"2006",6,36,216
170,2,1984,"4",16.6666666666667,0.6666666666667,"2007",7,49,343
170,1,1984,"4",16.6666666666667,0.6666666666667,"2008",8,64,512
170,2,1984,"4",16.6666666666667,0.6666666666667,"2009",9,81,729
170,2,1984,"4",16.6666666666667,0.6666666666667,"2010",10,100,1000
171,3,1984,"4",16.5833333333333,0.5833333333333,"2000",0,0,0
171,1,1984,"4",16.5833333333333,0.5833333333333,"2001",1,1,1
171,5,1984,"4",16.5833333333333,0.5833333333333,"2002",2,4,8
171,6,1984,"4",16.5833333333333,0.5833333333333,"2003",3,9,27
171,6,1984,"4",16.5833333333333,0.5833333333333,"2004",4,16,64
171,7,1984,"4",16.5833333333333,0.5833333333333,"2005",5,25,125
171,7,1984,"4",16.5833333333333,0.5833333333333,"2006",6,36,216
171,7,1984,"4",16.5833333333333,0.5833333333333,"2007",7,49,343
171,7,1984,"4",16.5833333333333,0.5833333333333,"2008",8,64,512
171,6,1984,"4",16.5833333333333,0.5833333333333,"2009",9,81,729
171,6,1984,"4",16.5833333333333,0.5833333333333,"2010",10,100,1000
176,6,1982,"2",18.75,2.75,"2000",0,0,0
176,6,1982,"2",18.75,2.75,"2001",1,1,1
176,6,1982,"2",18.75,2.75,"2002",2,4,8
176,6,1982,"2",18.75,2.75,"2003",3,9,27
176,6,1982,"2",18.75,2.75,"2004",4,16,64
176,6,1982,"2",18.75,2.75,"2005",5,25,125
176,6,1982,"2",18.75,2.75,"2006",6,36,216
176,6,1982,"2",18.75,2.75,"2007",7,49,343
176,6,1982,"2",18.75,2.75,"2008",8,64,512
176,6,1982,"2",18.75,2.75,"2009",9,81,729
176,6,1982,"2",18.75,2.75,"2010",10,100,1000
177,2,1980,"0",20.9166666666667,4.9166666666667,"2000",0,0,0
177,1,1980,"0",20.9166666666667,4.9166666666667,"2001",1,1,1
177,2,1980,"0",20.9166666666667,4.9166666666667,"2002",2,4,8
177,2,1980,"0",20.9166666666667,4.9166666666667,"2003",3,9,27
177,2,1980,"0",20.9166666666667,4.9166666666667,"2004",4,16,64
177,2,1980,"0",20.9166666666667,4.9166666666667,"2005",5,25,125
177,2,1980,"0",20.9166666666667,4.9166666666667,"2006",6,36,216
177,2,1980,"0",20.9166666666667,4.9166666666667,"2007",7,49,343
177,2,1980,"0",20.9166666666667,4.9166666666667,"2008",8,64,512
177,2,1980,"0",20.9166666666667,4.9166666666667,"2009",9,81,729
177,2,1980,"0",20.9166666666667,4.9166666666667,"2010",10,100,1000
181,6,1982,"2",18.9166666666667,2.9166666666667,"2000",0,0,0
181,5,1982,"2",18.9166666666667,2.9166666666667,"2001",1,1,1
181,3,1982,"2",18.9166666666667,2.9166666666667,"2002",2,4,8
181,3,1982,"2",18.9166666666667,2.9166666666667,"2003",3,9,27
181,2,1982,"2",18.9166666666667,2.9166666666667,"2004",4,16,64
181,4,1982,"2",18.9166666666667,2.9166666666667,"2005",5,25,125
181,2,1982,"2",18.9166666666667,2.9166666666667,"2006",6,36,216
181,1,1982,"2",18.9166666666667,2.9166666666667,"2007",7,49,343
181,1,1982,"2",18.9166666666667,2.9166666666667,"2008",8,64,512
181,1,1982,"2",18.9166666666667,2.9166666666667,"2009",9,81,729
181,1,1982,"2",18.9166666666667,2.9166666666667,"2010",10,100,1000
182,6,1984,"4",16.4166666666667,0.4166666666667,"2000",0,0,0
182,6,1984,"4",16.4166666666667,0.4166666666667,"2001",1,1,1
182,5,1984,"4",16.4166666666667,0.4166666666667,"2002",2,4,8
182,2,1984,"4",16.4166666666667,0.4166666666667,"2003",3,9,27
182,3,1984,"4",16.4166666666667,0.4166666666667,"2004",4,16,64
182,3,1984,"4",16.4166666666667,0.4166666666667,"2005",5,25,125
182,2,1984,"4",16.4166666666667,0.4166666666667,"2006",6,36,216
182,3,1984,"4",16.4166666666667,0.4166666666667,"2007",7,49,343
182,3,1984,"4",16.4166666666667,0.4166666666667,"2008",8,64,512
182,3,1984,"4",16.4166666666667,0.4166666666667,"2009",9,81,729
182,2,1984,"4",16.4166666666667,0.4166666666667,"2010",10,100,1000
183,2,1980,"0",21,5,"2000",0,0,0
183,1,1980,"0",21,5,"2001",1,1,1
183,1,1980,"0",21,5,"2002",2,4,8
183,1,1980,"0",21,5,"2003",3,9,27
183,1,1980,"0",21,5,"2004",4,16,64
183,1,1980,"0",21,5,"2005",5,25,125
183,1,1980,"0",21,5,"2006",6,36,216
183,2,1980,"0",21,5,"2007",7,49,343
183,1,1980,"0",21,5,"2008",8,64,512
183,1,1980,"0",21,5,"2009",9,81,729
183,1,1980,"0",21,5,"2010",10,100,1000
185,1,1981,"1",19.5,3.5,"2000",0,0,0
185,1,1981,"1",19.5,3.5,"2001",1,1,1
185,1,1981,"1",19.5,3.5,"2002",2,4,8
185,1,1981,"1",19.5,3.5,"2003",3,9,27
185,1,1981,"1",19.5,3.5,"2004",4,16,64
185,1,1981,"1",19.5,3.5,"2005",5,25,125
185,2,1981,"1",19.5,3.5,"2006",6,36,216
185,2,1981,"1",19.5,3.5,"2007",7,49,343
185,6,1981,"1",19.5,3.5,"2008",8,64,512
185,2,1981,"1",19.5,3.5,"2009",9,81,729
185,6,1981,"1",19.5,3.5,"2010",10,100,1000
187,1,1983,"3",17.75,1.75,"2000",0,0,0
187,1,1983,"3",17.75,1.75,"2001",1,1,1
187,1,1983,"3",17.75,1.75,"2002",2,4,8
187,1,1983,"3",17.75,1.75,"2003",3,9,27
187,1,1983,"3",17.75,1.75,"2004",4,16,64
187,1,1983,"3",17.75,1.75,"2005",5,25,125
187,1,1983,"3",17.75,1.75,"2006",6,36,216
187,2,1983,"3",17.75,1.75,"2007",7,49,343
187,1,1983,"3",17.75,1.75,"2008",8,64,512
187,2,1983,"3",17.75,1.75,"2009",9,81,729
187,1,1983,"3",17.75,1.75,"2010",10,100,1000
192,5,1982,"2",18.25,2.25,"2000",0,0,0
192,5,1982,"2",18.25,2.25,"2001",1,1,1
192,1,1982,"2",18.25,2.25,"2002",2,4,8
192,3,1982,"2",18.25,2.25,"2003",3,9,27
192,4,1982,"2",18.25,2.25,"2004",4,16,64
192,7,1982,"2",18.25,2.25,"2005",5,25,125
192,6,1982,"2",18.25,2.25,"2006",6,36,216
192,7,1982,"2",18.25,2.25,"2007",7,49,343
192,7,1982,"2",18.25,2.25,"2008",8,64,512
192,6,1982,"2",18.25,2.25,"2009",9,81,729
192,6,1982,"2",18.25,2.25,"2010",10,100,1000
193,6,1981,"1",19.1666666666667,3.1666666666667,"2000",0,0,0
193,6,1981,"1",19.1666666666667,3.1666666666667,"2001",1,1,1
193,4,1981,"1",19.1666666666667,3.1666666666667,"2002",2,4,8
193,5,1981,"1",19.1666666666667,3.1666666666667,"2003",3,9,27
193,2,1981,"1",19.1666666666667,3.1666666666667,"2004",4,16,64
193,1,1981,"1",19.1666666666667,3.1666666666667,"2005",5,25,125
193,5,1981,"1",19.1666666666667,3.1666666666667,"2006",6,36,216
193,5,1981,"1",19.1666666666667,3.1666666666667,"2007",7,49,343
193,4,1981,"1",19.1666666666667,3.1666666666667,"2008",8,64,512
193,5,1981,"1",19.1666666666667,3.1666666666667,"2009",9,81,729
193,3,1981,"1",19.1666666666667,3.1666666666667,"2010",10,100,1000
195,3,1983,"3",17.0833333333333,1.0833333333333,"2000",0,0,0
195,1,1983,"3",17.0833333333333,1.0833333333333,"2001",1,1,1
195,5,1983,"3",17.0833333333333,1.0833333333333,"2002",2,4,8
195,4,1983,"3",17.0833333333333,1.0833333333333,"2003",3,9,27
195,6,1983,"3",17.0833333333333,1.0833333333333,"2004",4,16,64
195,6,1983,"3",17.0833333333333,1.0833333333333,"2005",5,25,125
195,6,1983,"3",17.0833333333333,1.0833333333333,"2006",6,36,216
195,1,1983,"3",17.0833333333333,1.0833333333333,"2007",7,49,343
195,1,1983,"3",17.0833333333333,1.0833333333333,"2008",8,64,512
195,1,1983,"3",17.0833333333333,1.0833333333333,"2009",9,81,729
195,1,1983,"3",17.0833333333333,1.0833333333333,"2010",10,100,1000
199,1,1982,"2",18.5,2.5,"2000",0,0,0
199,1,1982,"2",18.5,2.5,"2001",1,1,1
199,1,1982,"2",18.5,2.5,"2002",2,4,8
199,1,1982,"2",18.5,2.5,"2003",3,9,27
199,1,1982,"2",18.5,2.5,"2004",4,16,64
199,1,1982,"2",18.5,2.5,"2005",5,25,125
199,1,1982,"2",18.5,2.5,"2006",6,36,216
199,1,1982,"2",18.5,2.5,"2007",7,49,343
199,1,1982,"2",18.5,2.5,"2008",8,64,512
199,1,1982,"2",18.5,2.5,"2009",9,81,729
199,1,1982,"2",18.5,2.5,"2010",10,100,1000
